dataset,n_filas,n_ciclos,mediciones/ciclo_min,mediciones/ciclo_max,mediciones/ciclo_media,Zre_intra_std_ohm,Zre_intra_range_ohm,Zre_inter_std_ohm,Zre_inter_range_ohm,Zre_ratio_intra_total,Zim_intra_std_ohm,Zim_intra_range_ohm,Zim_inter_std_ohm,Zim_inter_range_ohm,Zim_ratio_intra_total,Zmag_intra_std_ohm,Zmag_intra_range_ohm,Zmag_inter_std_ohm,Zmag_inter_range_ohm,Zmag_ratio_intra_total,Phase_intra_std_ohm,Phase_intra_range_ohm,Phase_inter_std_ohm,Phase_inter_range_ohm,Phase_ratio_intra_total,SoC_intra_std_pct,SoC_intra_range_pct,SoC_inter_std_pct
1,32000,1000,32,32,32.0,0.01111,0.03491,0.00895,0.03765,0.7817,0.00662,0.02071,0.00452,0.01844,0.8191,0.0125,0.03938,0.01003,0.04219,0.7844,1.44597,4.53466,1.13219,5.21046,0.776,32.3543,97.3245,4.0633
2,30755,1000,30,31,30.8,0.00726,0.03998,0.00624,0.02428,0.7568,0.0041,0.02092,0.00274,0.01048,0.8116,0.00811,0.04472,0.00681,0.02655,0.7665,1.26227,6.06607,1.12342,4.51436,0.7132,28.9431,99.8562,2.0768
3,29001,1000,29,30,29.0,0.00909,0.04153,0.00584,0.02089,0.8337,0.00461,0.02031,0.00233,0.00819,0.8656,0.01014,0.04625,0.00633,0.02261,0.8447,1.6919,7.29298,1.29107,4.92308,0.7588,29.2357,99.6391,2.3764
4,27829,1000,27,30,27.8,0.01026,0.0425,0.00464,0.01712,0.9072,0.00485,0.01969,0.00174,0.00623,0.9233,0.01139,0.0471,0.00498,0.01838,0.9163,2.11216,8.2692,1.23984,4.90069,0.8291,31.3052,99.9183,2.124
5,26763,1000,26,29,26.8,0.01124,0.04274,0.00442,0.01678,0.9324,0.0051,0.01913,0.00157,0.00593,0.9433,0.01245,0.04723,0.00474,0.01801,0.9405,2.43429,8.95459,1.34127,5.31145,0.85,32.0949,99.9436,3.029
6,32000,1000,32,32,32.0,0.00838,0.02648,0.00888,0.03641,0.6869,0.00498,0.01571,0.00416,0.01645,0.7512,0.00937,0.02968,0.00984,0.04036,0.6912,1.40387,4.39761,1.37298,6.22658,0.6905,31.3531,96.8154,4.0196
7,31000,1000,31,31,31.0,0.00514,0.02323,0.00606,0.02201,0.6462,0.00295,0.01242,0.00247,0.00889,0.7365,0.00568,0.02573,0.00657,0.0239,0.6542,1.27311,4.94339,1.26455,4.79389,0.668,28.1082,99.9031,2.1447
8,29340,1000,29,31,29.3,0.00481,0.02607,0.00464,0.01767,0.715,0.00261,0.01268,0.00174,0.00658,0.7981,0.00531,0.02871,0.00497,0.019,0.7269,1.35909,6.2335,1.20239,4.68737,0.6915,27.9638,99.1571,1.3629
9,28518,1000,28,30,28.5,0.00561,0.02659,0.00387,0.01539,0.8143,0.00277,0.0122,0.00134,0.00543,0.8667,0.00616,0.02916,0.00412,0.01646,0.8261,1.6457,7.00681,1.20976,4.80477,0.7576,30.0026,99.8214,2.472
10,27444,1000,27,30,27.4,0.00652,0.02695,0.0038,0.01324,0.8623,0.00301,0.01186,0.00131,0.00456,0.8943,0.00713,0.02944,0.00405,0.01409,0.8716,1.95702,7.67844,1.27797,4.69608,0.8035,30.9306,99.8182,1.297
11,32000,1000,32,32,32.0,0.00599,0.01882,0.00873,0.03511,0.5648,0.00373,0.01169,0.00385,0.01486,0.6682,0.00669,0.02104,0.0096,0.03862,0.5714,1.31493,4.08678,1.61436,7.306,0.593,30.4315,96.3972,3.9171
12,31075,1000,31,32,31.1,0.00442,0.01509,0.00568,0.01999,0.6127,0.00254,0.00854,0.00219,0.00757,0.7192,0.00487,0.01665,0.00613,0.02161,0.6211,1.40147,4.53816,1.41736,5.24152,0.6549,27.4337,99.7309,2.0263
13,29985,1000,29,31,30.0,0.00359,0.01735,0.00434,0.01528,0.635,0.00207,0.00875,0.00155,0.00543,0.7539,0.00395,0.01901,0.00464,0.01636,0.6469,1.38411,5.63022,1.30095,4.73523,0.6706,28.0813,99.6032,1.484
14,28995,1000,28,30,29.0,0.00385,0.01729,0.00391,0.01347,0.7004,0.00207,0.00829,0.00135,0.0046,0.7957,0.00422,0.01887,0.00416,0.01433,0.712,1.53065,6.20096,1.31844,4.73078,0.7057,28.7543,98.6081,1.9972
15,28179,1000,28,30,28.2,0.00386,0.01735,0.00321,0.01112,0.7644,0.00196,0.00796,0.00106,0.00363,0.84,0.00422,0.01887,0.0034,0.01178,0.7757,1.64523,6.72297,1.23034,4.43488,0.7501,30.6753,99.8119,2.5454
16,32000,1000,32,32,32.0,0.0043,0.01339,0.0086,0.03399,0.4458,0.00292,0.00906,0.00362,0.01367,0.5894,0.00481,0.01502,0.0094,0.03719,0.4547,1.23732,3.81664,1.86493,8.46315,0.5061,29.5733,96.0528,3.7529
17,31303,1000,31,32,31.3,0.00369,0.01117,0.00528,0.01869,0.5697,0.00219,0.00675,0.0019,0.00665,0.7023,0.00406,0.01235,0.00566,0.02009,0.5806,1.49069,4.54702,1.60461,5.97094,0.626,27.1683,99.3763,2.1554
18,30707,1000,29,31,30.7,0.00311,0.01226,0.00404,0.01398,0.6097,0.00185,0.00666,0.00138,0.00473,0.7454,0.00343,0.01346,0.0043,0.0149,0.6234,1.52173,5.36815,1.42952,5.13642,0.6718,28.4732,99.776,1.5643
19,29131,1000,29,30,29.1,0.00271,0.01196,0.00348,0.01204,0.6124,0.00162,0.00624,0.00116,0.00399,0.7526,0.00299,0.01307,0.00369,0.01277,0.6272,1.50514,5.82863,1.36,4.86065,0.6782,28.2884,97.5156,1.4838
20,28448,1000,28,30,28.4,0.0026,0.01177,0.00281,0.01014,0.675,0.0015,0.00591,0.00088,0.00321,0.8024,0.00285,0.0128,0.00296,0.0107,0.6899,1.54912,6.1657,1.2521,4.59656,0.7157,29.7184,99.1545,2.8541
21,32000,1000,32,32,32.0,0.00316,0.00978,0.00847,0.03297,0.3483,0.00239,0.00739,0.00344,0.01273,0.526,0.00357,0.01106,0.00921,0.03592,0.3596,1.18482,3.6339,2.11918,9.6456,0.4391,28.7687,95.7604,3.5393
22,31584,1000,31,32,31.6,0.00297,0.00907,0.00501,0.01761,0.5082,0.00191,0.00592,0.00171,0.00596,0.6748,0.0033,0.01011,0.00534,0.01883,0.5231,1.55145,4.71158,1.82972,6.80593,0.5876,27.1206,99.0795,2.0943
23,31000,1000,31,31,31.0,0.00264,0.00908,0.00369,0.01281,0.5788,0.00165,0.00546,0.00121,0.00415,0.7374,0.00292,0.01006,0.00391,0.01358,0.5961,1.63458,5.30293,1.57282,5.65027,0.6592,28.6122,99.9289,1.3964
24,29445,1000,29,31,29.4,0.00228,0.00876,0.00307,0.01042,0.5932,0.00144,0.00509,0.00098,0.0033,0.7556,0.00253,0.00965,0.00323,0.011,0.612,1.60839,5.69518,1.43211,5.07439,0.6802,28.5641,97.6286,0.8032
25,28811,1000,28,30,28.8,0.00219,0.00849,0.00267,0.00923,0.6314,0.00136,0.00482,0.00082,0.00283,0.7857,0.00242,0.0093,0.0028,0.0097,0.6503,1.64219,5.94015,1.36354,4.83811,0.7081,29.0404,97.8041,2.1467
